Type,Amount,Customer ID,Recipient ID,Is Fraud
PAYMENT,9839.64,11231006815,21979787155,0
PAYMENT,1864.28,11666544295,22044282225,0
TRANSFER,181,11305486145,3553264065,1
CASH_OUT,181,1840083671,338997010,1
PAYMENT,11668.14,12048537720,21230701703,0
PAYMENT,7817.71,190045638,2573487274,0
PAYMENT,7107.77,1154988899,2408069119,0
PAYMENT,7861.64,11912850431,2633326333,0
PAYMENT,4024.36,11265012928,21176932104,0
DEBIT,5337.77,1712410124,3195600860,0
DEBIT,9644.94,11900366749,3997608398,0
PAYMENT,3099.97,1249177573,22096539129,0
PAYMENT,2560.74,11648232591,2972865270,0
PAYMENT,11633.76,11716932897,2801569151,0
PAYMENT,4098.78,11026483832,21635378213,0
CASH_OUT,229133.94,1905080434,3476402209,0
PAYMENT,1563.82,1761750706,21731217984,0
PAYMENT,1157.86,11237762639,21877062907,0
PAYMENT,671.64,12033524545,2473053293,0
TRANSFER,215310.3,11670993182,31100439041,0
PAYMENT,1373.43,120804602,21344519051,0
DEBIT,9302.79,11566511282,31973538135,0
DEBIT,1065.41,11959239586,3515132998,0
PAYMENT,3876.41,1504336483,21404932042,0
TRANSFER,311685.89,11984094095,3932583850,0
PAYMENT,6061.13,11043358826,21558079303,0
PAYMENT,9478.39,11671590089,258488213,0
PAYMENT,8009.09,11053967012,2295304806,0
PAYMENT,8901.99,11632497828,233419717,0
PAYMENT,9920.52,1764826684,21940055334,0
PAYMENT,3448.92,12103763750,2335107734,0
PAYMENT,4206.84,1215078753,21757317128,0
PAYMENT,5885.56,1840514538,21804441305,0
PAYMENT,5307.88,11768242710,21971783162,0
PAYMENT,5031.22,1247113419,2151442075,0
PAYMENT,24213.67,11238616099,270695990,0
PAYMENT,8603.42,11608633989,21615617512,0
PAYMENT,2791.42,1923341586,2107994825,0
PAYMENT,7413.54,11470868839,21426725223,0
PAYMENT,3295.19,1711197015,21384454980,0
PAYMENT,1684.81,11481594086,21569435561,0
DEBIT,5758.59,11466917878,31297685781,0
CASH_OUT,110414.71,1768216420,31509514333,0
PAYMENT,7823.46,1260084831,2267814113,0
PAYMENT,5086.48,1598357562,21593224710,0
PAYMENT,5281.48,11440738283,21849015357,0
PAYMENT,13875.98,1484199463,22008106788,0
CASH_OUT,56953.9,11570470538,3824009085,0
CASH_OUT,5346.89,1512549200,3248609774,0
PAYMENT,2204.04,11615801298,2490391704,0
PAYMENT,2641.47,1460570271,21653361344,0
CASH_OUT,23261.3,12072313080,32001112025,0
PAYMENT,2330.64,1816944408,2909132503,0
PAYMENT,1614.64,1912966811,21792384402,0
PAYMENT,9164.71,11458621573,21658980982,0
PAYMENT,2970.97,146941357,21152606315,0
PAYMENT,38.66,1343345308,21714688478,0
PAYMENT,2252.44,1104716441,21506951181,0
TRANSFER,62610.8,11976401987,31937962514,0
DEBIT,5529.13,1867288517,3242131142,0
CASH_OUT,82940.31,11528834618,3476800120,0
DEBIT,4510.22,1280615803,31254526270,0
DEBIT,8727.74,1166694583,31129670968,0
PAYMENT,2599.46,1885910946,21860591867,0
DEBIT,4874.49,1811207775,31971489295,0
PAYMENT,6440.78,11161148117,2516875052,0
PAYMENT,4910.14,11131592118,2589987187,0
PAYMENT,6444.64,11262609629,2587180314,0
DEBIT,5149.66,11955990522,31330106945,0
PAYMENT,7292.16,169673470,21082411691,0
CASH_OUT,47458.86,1527211736,32096057945,0
CASH_OUT,136872.92,11533123860,3766572210,0
CASH_OUT,94253.33,11718906711,3977993101,0
PAYMENT,2998.04,171802912,22134271532,0
PAYMENT,3454.08,1686349795,21831010686,0
PAYMENT,4316.2,11423768154,2404222443,0
PAYMENT,2131.84,11987977423,261073295,0
PAYMENT,12986.61,1807322507,2396485834,0
TRANSFER,42712.39,1283039401,31330106945,0
TRANSFER,77957.68,1207471778,31761291320,0
TRANSFER,17231.46,11243171897,3783286238,0
TRANSFER,78766.03,11376151044,31749186397,0
TRANSFER,224606.64,1873175411,3766572210,0
TRANSFER,125872.53,11443967876,3392292416,0
TRANSFER,379856.23,11449772539,31590550415,0
TRANSFER,1505626.01,1926859124,3665576141,0
TRANSFER,554026.99,11603696865,3766572210,0
TRANSFER,147543.1,112905860,31359044626,0
TRANSFER,761507.39,1412788346,31590550415,0
TRANSFER,1429051.47,11520267010,31590550415,0
TRANSFER,358831.92,1908084672,3392292416,0
TRANSFER,367768.4,1288306765,31359044626,0
TRANSFER,209711.11,11556867940,31509514333,0
TRANSFER,583848.46,11839168128,31286084959,0
TRANSFER,1724887.05,11495608502,31590550415,0
TRANSFER,710544.77,1835773569,31359044626,0
TRANSFER,581294.26,1843299092,31590550415,0
TRANSFER,11996.58,1605982374,31225616405,0
PAYMENT,2875.1,11412322831,21651262695,0
PAYMENT,8586.98,11305004711,2494077446,0
PAYMENT,871.75,11003206025,2989889899,0
PAYMENT,1035.36,1806813022,2902860396,0
PAYMENT,1063.53,11406206626,21816522350,0
PAYMENT,1019.9,11799230133,21521238608,0
PAYMENT,4059.38,120156341,21111897955,0
PAYMENT,1876.44,11509309988,21643141512,0
CASH_OUT,28404.6,12091072548,31282788025,0
CASH_OUT,75405.1,1263053820,31870252780,0
CASH_OUT,50101.88,11740826931,397730845,0
CASH_OUT,14121.82,169062746,3100555887,0
CASH_OUT,78292.91,11631227617,31983747920,0
CASH_OUT,176149.9,124650043,3736709391,0
CASH_OUT,212228.35,11896074070,3401424608,0
CASH_OUT,85423.63,1460741164,31590550415,0
CASH_OUT,11648.5,1781091365,3985934102,0
PAYMENT,6165.58,11858015030,225764044,0
PAYMENT,3705.83,1671596011,21925352804,0
CASH_OUT,419801.4,11687354037,333524623,0
CASH_OUT,335416.51,1743778731,3575335780,0
PAYMENT,3372.29,1967323951,21600594643,0
PAYMENT,661.43,1743648472,2692998280,0
DEBIT,864.68,11368862151,320671747,0
PAYMENT,1203.44,1922807452,233563464,0
TRANSFER,330757.04,11494346128,3564160838,0
PAYMENT,1915.43,1822087264,230699728,0
PAYMENT,8.73,138603201,21422273905,0
DEBIT,3058.8,11694784135,3801197928,0
PAYMENT,5154.97,11207231495,2756936249,0
PAYMENT,5213.25,11221981006,2264394929,0
PAYMENT,5392.75,11878413714,2769132147,0
PAYMENT,25.12,11257299717,21474957626,0
PAYMENT,17150.89,1181252244,21733022752,0
TRANSFER,679502.24,1722417467,3451111351,0
TRANSFER,177652.91,1753631393,3716157500,0
PAYMENT,5443.26,11262869688,21914108708,0
PAYMENT,244.87,1544386226,21357700757,0
PAYMENT,8281.57,1900298796,21889757798,0
PAYMENT,1175.59,11166106620,21932470703,0
PAYMENT,1097.74,1221861886,21713568869,0
TRANSFER,184986.8,1697508322,31688019098,0
PAYMENT,1718.29,1603658030,21689924104,0
PAYMENT,3671.32,1361380654,2631673932,0
DEBIT,3580.26,11579132337,31321640594,0
PAYMENT,8550.9,11795225096,2790094605,0
PAYMENT,9753.55,11048712791,2487792155,0
PAYMENT,3026.98,11909398279,21632670136,0
CASH_OUT,467177.03,11338905451,31170794006,0
DEBIT,3875.99,11252540239,31509514333,0
PAYMENT,2148.89,11136005694,2638486177,0
PAYMENT,466.97,1426019904,2314411620,0
CASH_OUT,154139.72,11642679791,3564160838,0
CASH_OUT,82685.93,1855700733,3392292416,0
CASH_OUT,83857.23,1247162961,31297685781,0
CASH_OUT,99109.77,11890266440,31297685781,0
CASH_OUT,187726.67,11527152775,3747464370,0
CASH_OUT,281339.92,11863655430,31509514333,0
CASH_OUT,186447.51,1976827477,31590550415,0
CASH_OUT,81029.86,1324112183,3288665596,0
CASH_OUT,139054.95,12092709730,31749186397,0
CASH_OUT,154716.2,1980364771,3453211571,0
CASH_OUT,53631.83,11233595751,3757108857,0
CASH_OUT,289645.52,11446001495,31023714065,0
CASH_OUT,267148.82,11261044180,3401424608,0
CASH_OUT,47913.58,1141110631,3240650537,0
CASH_OUT,193605.38,12029372696,31971489295,0
CASH_OUT,344464.4,1793293778,3766572210,0
CASH_OUT,169409.87,1888611662,3401424608,0
CASH_OUT,25793.74,11966355106,3476800120,0
CASH_OUT,114712.48,1599782425,31209271652,0
CASH_OUT,89038.75,11233327519,32083562754,0
CASH_OUT,1341.58,11155769010,3557041912,0
CASH_OUT,44443.08,1269892014,31590550415,0
CASH_OUT,34729.64,11280641161,31435804085,0
CASH_OUT,105979.34,1489411441,3736709391,0
CASH_OUT,57794.61,11141113940,3240650537,0
CASH_OUT,15918.79,11711185459,31854778591,0
CASH_OUT,19162.08,125936709,3885951223,0
CASH_OUT,220691.42,11123559518,31590550415,0
CASH_OUT,9536.54,1649769713,31060830840,0
CASH_OUT,29784.06,1925150995,3920011586,0
CASH_OUT,190445.51,11760219993,31360767589,0
CASH_OUT,57279.11,11800649922,3824009085,0
CASH_OUT,112086.81,1403547747,31531333864,0
CASH_OUT,80311.89,1172215878,3434091818,0
CASH_OUT,151829.91,1873309260,31023714065,0
CASH_OUT,26004.52,11112456099,31225616405,0
CASH_OUT,3146.16,1923083575,31504109395,0
CASH_OUT,296752.75,1589363823,31531333864,0
CASH_OUT,191702.06,12052457859,3985934102,0
CASH_OUT,365510.05,11299327689,3564160838,0
CASH_OUT,202332.08,11408279755,3453211571,0
CASH_OUT,55105.9,12007486296,3932583850,0
CASH_OUT,171508.59,11033348658,31971489295,0
CASH_OUT,178439.26,11634723627,32083562754,0
CASH_OUT,88834.86,1938463537,3985934102,0
CASH_OUT,210370.09,12121995675,31170794006,0
CASH_OUT,36437.06,12120063568,31740000325,0
CASH_OUT,82691.56,11620409359,3248609774,0
CASH_OUT,338767.1,1691691381,3453211571,0
CASH_OUT,187728.59,1264978436,31360767589,0
CASH_OUT,271002.7,1500618423,3451111351,0
CASH_OUT,323105.08,11458091526,3747464370,0
CASH_OUT,10782.94,1768776793,3796533847,0
CASH_OUT,89962.11,12018260103,3240650537,0
CASH_OUT,101940.14,11393828949,3357863579,0
CASH_OUT,163100.34,11088417975,3401424608,0
CASH_OUT,136030.66,12036775591,3757108857,0
CASH_OUT,68912.23,11620529408,31688019098,0
CASH_OUT,73464.06,1307488715,31789550256,0
CASH_OUT,106117.28,1758572926,3476402209,0
CASH_OUT,503333.79,11640612861,3985934102,0
CASH_OUT,71991.42,1990679445,3557041912,0
CASH_OUT,91379.93,1913065088,3401424608,0
CASH_OUT,26759.05,1746280996,31360767589,0
CASH_OUT,128487.35,150503805,3747464370,0
CASH_OUT,252908.87,11557989809,333524623,0
CASH_OUT,64489.64,1146874094,31297685781,0
CASH_OUT,171369.73,12123222442,3451111351,0
PAYMENT,4493.29,11746570062,21555990397,0
PAYMENT,12121.5,11544078442,21291367132,0
PAYMENT,2278.19,11887699190,21479140596,0
PAYMENT,7707.44,11108889615,21275028674,0
PAYMENT,4013.02,1455888635,2204805934,0
PAYMENT,5775.15,1204322447,21019484860,0
PAYMENT,4843.93,11164365897,21640899500,0
PAYMENT,2397.82,13565780,2473666452,0
PAYMENT,4391.44,11865219266,22138005960,0
DEBIT,4497.87,11278002745,3510113906,0
PAYMENT,7452.89,1214649627,267730604,0
PAYMENT,3930.81,115477956,2710623214,0
CASH_OUT,71532.24,12082351661,31810132623,0
CASH_OUT,61159.51,1859690270,3476402209,0
CASH_OUT,12401.9,11389774257,31096283470,0
CASH_OUT,32702.61,1553759818,375457651,0
PAYMENT,6926.67,1751021317,21896552614,0
PAYMENT,893.57,1294658299,21033856359,0
TRANSFER,480222.51,1201677908,3451111351,0
PAYMENT,3608.41,1635611994,2904253669,0
PAYMENT,5946.79,11930903395,21431710377,0
PAYMENT,6099.96,11700721442,22116511124,0
PAYMENT,372.34,1872522004,21348916831,0
PAYMENT,4635.18,11110698130,2125644421,0
PAYMENT,1267.97,11053632127,21493158871,0
PAYMENT,6911.99,189509666,21806880779,0
PAYMENT,1795.67,11016856028,2446445803,0
PAYMENT,3199.06,1832292933,21280603381,0
PAYMENT,10265.17,1792855998,21424108509,0
PAYMENT,9029.12,11003755748,21414013111,0
PAYMENT,7600.57,11805164661,2778162712,0
PAYMENT,2057.71,1896138248,2548482954,0
PAYMENT,3823.08,1243575009,2777341499,0
TRANSFER,2806,11420196421,3972765878,1
CASH_OUT,2806,12101527076,31007251739,1
PAYMENT,6737.2,11454026445,21378497201,0
PAYMENT,9161.98,1892931811,21577167234,0
PAYMENT,1239.06,11574873161,21591916281,0
PAYMENT,365,1600958416,21884231057,0
PAYMENT,5237.54,11492875057,2333793193,0
PAYMENT,2618.76,11068945248,2937277082,0
PAYMENT,339.82,1882646447,2234740890,0
DEBIT,1393.46,179290250,31076835071,0
PAYMENT,2731.37,11586151649,2179294202,0
PAYMENT,8364.73,11767230265,2593103894,0
PAYMENT,6598.71,1727666004,21601935322,0
PAYMENT,4304.58,1414225167,21803093683,0
PAYMENT,2867.14,1975033189,2962287291,0
PAYMENT,2946.38,1628064884,2109069556,0
PAYMENT,507.12,11389509050,2828326869,0
PAYMENT,3020.86,11761217448,21817789863,0
PAYMENT,8948.03,1788905599,21678709153,0
CASH_OUT,280877.92,11544614339,31297685781,0
PAYMENT,1084.9,12059592603,22016828666,0
PAYMENT,9456.69,11688782916,21064154107,0
PAYMENT,5812.36,11390301622,2415565467,0
TRANSFER,157883.07,1973936431,31335050193,0
PAYMENT,2734.77,11756207614,21214133948,0
CASH_OUT,102153.86,12015301874,31335050193,0
PAYMENT,584.52,1712627377,2782228073,0
PAYMENT,6113.14,1399373008,2391506011,0
CASH_OUT,369989.2,11936550492,31789550256,0
CASH_OUT,215338.28,1594651850,375457651,0
CASH_OUT,65521.42,11532139270,3920011586,0
CASH_OUT,116977.58,11677568775,31740000325,0
CASH_OUT,262392.36,12069500590,32083562754,0
CASH_OUT,51121.05,11431556341,31740000325,0
CASH_OUT,202624.59,1452364286,3985934102,0
CASH_OUT,118235.16,1350069300,31335050193,0
CASH_OUT,118056.71,11060703587,3757108857,0
CASH_OUT,498960.91,11957078537,31360767589,0
CASH_OUT,691738.36,11514214932,31590550415,0
CASH_OUT,58820.08,1594858858,31360767589,0
PAYMENT,4419.04,11423016050,2352776719,0
PAYMENT,4270.02,11202042637,21112527632,0
PAYMENT,3007.83,1440736059,2955324150,0
PAYMENT,1824.59,11384563514,21852661033,0
PAYMENT,993.46,11548946718,21814423236,0
CASH_OUT,302693.14,1140404585,31688019098,0
PAYMENT,1445.06,1207546206,21218519094,0
PAYMENT,4059.25,1200404000,21894758168,0
PAYMENT,3417.18,1191945292,21242688388,0
DEBIT,3428.95,11317375498,3665576141,0
PAYMENT,5580.98,11130346421,21316005672,0
DEBIT,3455.85,1192428201,3401424608,0
PAYMENT,7265.63,11768882706,21463022229,0
PAYMENT,3852.64,1472991420,21455855843,0
PAYMENT,7870.29,11202220987,2256346753,0
DEBIT,12872.92,1425015667,3466505482,0
PAYMENT,6675.34,12075568954,22145896000,0
CASH_OUT,410201.89,11279740095,31750905143,0
PAYMENT,13310.78,12095677157,2852026681,0
PAYMENT,664.35,11943855334,294919826,0
PAYMENT,2130.3,1847320212,21201004240,0
PAYMENT,7771.4,11406848276,2349259569,0
PAYMENT,36349.35,1785306763,21204088028,0
PAYMENT,749.34,11123236701,21552221437,0
PAYMENT,2340.34,179161706,21685407532,0
PAYMENT,9686.85,11057468716,21272051933,0
PAYMENT,15785.85,11888924788,21041547629,0
PAYMENT,9006.78,11016633682,22018220300,0
PAYMENT,9014.95,11027319653,2633079302,0
PAYMENT,14420.66,11561745898,22033268925,0
PAYMENT,4802.31,1424786033,21545077099,0
PAYMENT,28527.44,1867093003,21135278099,0
PAYMENT,4182.93,11470911015,21268974304,0
PAYMENT,4088.21,1244872973,2451312813,0
PAYMENT,8491.9,1795748540,22081000371,0
DEBIT,6666.78,1837073696,3655381473,0
PAYMENT,6536.86,1416201381,21178290888,0
CASH_OUT,40684.97,11985938863,31291286504,0
PAYMENT,1553.21,11660325375,2251664534,0
DEBIT,7344.92,1334593716,3485041780,0
CASH_OUT,106267.21,1487416600,3476800120,0
PAYMENT,5491.5,11271041075,21141500277,0
PAYMENT,3666.42,11544895390,2712410791,0
PAYMENT,5507.18,11971991758,22126723403,0
DEBIT,4565.14,1201274566,3747464370,0
PAYMENT,11348.71,1354605216,2824881806,0
TRANSFER,123179.97,11447353473,320671747,0
PAYMENT,7073.6,1611289995,2663466110,0
PAYMENT,2803.83,11129433283,2864138492,0
PAYMENT,106.81,11810518740,2295180183,0
PAYMENT,6297.71,11547883191,21650113431,0
PAYMENT,2610.01,11528769018,2183155105,0
PAYMENT,5320.1,11089930529,22001115307,0
PAYMENT,1460.63,11429483328,2172794870,0
TRANSFER,522264.81,11927963027,31234776885,0
DEBIT,3584.21,1833240229,31330106945,0
PAYMENT,3704.97,11167088639,2707531688,0
PAYMENT,2773.61,1191568263,21799635803,0
PAYMENT,3896.42,1751608431,21723290893,0
PAYMENT,18781.84,1893640573,22085886997,0
PAYMENT,6660.33,1893523498,21770070706,0
TRANSFER,26923.42,11108517064,31983747920,0
TRANSFER,53783.57,1511354923,31899073220,0
TRANSFER,80333.28,1992743048,31749186397,0
TRANSFER,211075.91,11540894701,3564160838,0
TRANSFER,100677.86,1203149502,31531333864,0
TRANSFER,473499.51,11198197478,3453211571,0
TRANSFER,1538200.39,1476579021,31590550415,0
TRANSFER,2421578.09,1106297322,31590550415,0
TRANSFER,1349670.68,11419332030,3665576141,0
TRANSFER,314403.14,11262110193,31789550256,0
TRANSFER,1457213.54,1396918327,31590550415,0
TRANSFER,180368.84,11055601039,31359044626,0
TRANSFER,445038.71,1547441493,31531333864,0
TRANSFER,1123206.66,1967677821,3451111351,0
DEBIT,996,11839206329,3998351292,0
TRANSFER,176334.26,1169880779,31286084959,0
TRANSFER,161217.61,1552674617,3909295153,0
TRANSFER,108443.61,11974622245,3240650537,0
TRANSFER,75442.68,1402808045,31318822808,0
TRANSFER,55536.86,1332365138,3392292416,0
TRANSFER,438437.09,1977160959,3248609774,0
TRANSFER,928722.69,11563053805,3985934102,0
TRANSFER,1478772.04,11464177809,31170794006,0
TRANSFER,2545478.01,11057507014,31590550415,0
TRANSFER,2061082.82,12007599722,31590550415,0
TRANSFER,983479.66,12029780820,31170794006,0
TRANSFER,635507.97,165080774,3747464370,0
TRANSFER,848231.57,12116179210,31170794006,0
TRANSFER,739112.93,11172535934,3564160838,0
TRANSFER,324397.94,11648700617,3932583850,0
TRANSFER,982862.81,11765900922,3985934102,0
TRANSFER,955855,194830685,3248609774,0
TRANSFER,179253.24,11539947037,31870252780,0
PAYMENT,5446.88,1270661321,21964434661,0
PAYMENT,648.64,11217312754,21585571244,0
PAYMENT,8494.71,11099552523,266724371,0
CASH_OUT,373068.26,11047934137,31286084959,0
CASH_IN,143236.26,11862994526,31688019098,0
CASH_IN,228451.89,11614133563,32083562754,0
CASH_IN,35902.49,1839771540,32001112025,0
CASH_IN,232953.64,11037163664,333524623,0
CASH_IN,65912.95,1180316302,31330106945,0
CASH_IN,193492.68,11200546947,31531333864,0
CASH_IN,60836.64,1443713699,3488044861,0
CASH_IN,62325.15,1695530017,3564160838,0
CASH_IN,349640.51,11493042329,3909295153,0
CASH_IN,135324.19,11751403001,3453211571,0
CASH_IN,380015.14,11717433286,3401424608,0
CASH_IN,418688.27,11756819670,3401424608,0
CASH_IN,311023.52,11078262677,3766572210,0
CASH_IN,151862.38,1178604517,3920011586,0
CASH_IN,228710.05,157624756,31297685781,0
CASH_IN,220431.09,11543518287,3451111351,0
CASH_IN,182861.45,1998242313,3485041780,0
CASH_IN,231881.5,1464872674,31509514333,0
CASH_IN,38071.17,11659286984,3601893033,0
CASH_IN,87117.29,11064905627,375457651,0
CASH_IN,114271.72,12072130509,3985934102,0
CASH_IN,73199.1,11260440107,31749186397,0
CASH_IN,764772.98,1482307698,3985934102,0
CASH_IN,106847.36,11793899405,3575335780,0
CASH_IN,6287.28,11765702,31651855867,0
CASH_IN,24936.34,11302725372,3660143728,0
CASH_IN,55837.16,1713898436,3100555887,0
CASH_IN,63255.29,1632475595,31100439041,0
CASH_IN,104605.78,11920305914,3357863579,0
CASH_IN,154160.82,1263833514,3503195940,0
CASH_IN,257348.03,11278839936,3985934102,0
CASH_IN,201073.81,12143739483,3401424608,0
CASH_IN,53560.68,1565881091,31761291320,0
CASH_IN,334234.39,11618984457,31870252780,0
CASH_IN,227335.16,11621254922,3564160838,0
CASH_IN,134426.08,1702500163,3575335780,0
CASH_IN,2643.45,11574509514,3215145189,0
CASH_IN,134977.11,11087072654,31750905143,0
CASH_IN,25090.03,1864221358,31282788025,0
CASH_IN,147388.67,11617174216,3824009085,0
CASH_IN,217615.09,11979080261,3392292416,0
CASH_IN,355294.5,11860886124,3747464370,0
CASH_IN,12336.48,11250499735,3990398217,0
CASH_IN,349505.89,1173791568,31590550415,0
CASH_IN,285185.34,11293462056,31335050193,0
CASH_IN,132953.45,11966670937,31359044626,0
CASH_IN,214851.41,12002174925,333524623,0
CASH_IN,54988.56,1588449070,311003494,0
CASH_IN,62871.06,1735228558,3716157500,0
CASH_IN,61150.85,1376725601,31360767589,0
CASH_IN,131409.27,11476235721,31068824137,0
CASH_IN,10844.33,11828508781,32083117811,0
PAYMENT,2054.84,11376017854,21732663543,0
CASH_IN,313373.56,11552870927,3985934102,0
CASH_IN,13289.87,11448805967,31225616405,0
CASH_IN,27070.11,1641882263,31568059495,0
CASH_IN,127954.7,11930837320,3564160838,0
CASH_IN,197031.04,11489193907,31297685781,0
CASH_IN,144366.64,11453606810,3985934102,0
CASH_IN,7965.49,11645624121,3195600860,0
CASH_IN,123103.74,1547923534,3736709391,0
CASH_IN,106634.77,11660223291,31170794006,0
CASH_IN,74933.22,1379124840,31023714065,0
CASH_IN,120234.99,11157943921,3977993101,0
CASH_IN,5763.99,1544966217,31870252780,0
CASH_IN,156922.36,11706272858,3665576141,0
CASH_IN,162665.98,1882471736,31096283470,0
CASH_IN,110226.34,11475192960,31816757085,0
CASH_IN,142577.44,1727197178,31100439041,0
CASH_IN,6915.38,11406253491,385777802,0
CASH_IN,157108.01,1749604930,3985934102,0
CASH_IN,223555.14,1373097727,3564160838,0
CASH_IN,146331.12,12082509879,31531333864,0
CASH_IN,141131.23,1576894497,3985934102,0
CASH_IN,222711.47,12123533871,31590550415,0
CASH_IN,84980.31,116148478,31335050193,0
CASH_IN,628719.07,12022689531,31359044626,0
CASH_IN,79285.8,11340848245,31170794006,0
CASH_IN,57809.81,1635610193,31454031203,0
CASH_IN,75043.17,1379121284,31511785794,0
CASH_IN,248196.92,1281421502,31297685781,0
CASH_IN,18851.44,150072771,3215145189,0
CASH_IN,403418.39,1848097505,31286084959,0
CASH_IN,235564.81,11672598778,3451111351,0
CASH_IN,32325.24,11122233828,31068824137,0
CASH_IN,345347.7,1538667887,3240650537,0
CASH_IN,355500.25,11967496309,3766572210,0
CASH_IN,103005.78,1406749219,3716157500,0
CASH_IN,108803.98,11173340685,3766572210,0
CASH_IN,259753.27,11045731788,31209271652,0
CASH_IN,234094.24,11739267143,3985934102,0
CASH_IN,273305.73,1192456457,31023714065,0
CASH_IN,186838.95,1817689537,3736709391,0
CASH_IN,193161.04,1708613859,3451111351,0
CASH_IN,152823.85,1365625031,31789550256,0
CASH_IN,91457.82,11531200408,31509514333,0
CASH_IN,277807.48,1212963786,31531333864,0
CASH_IN,8679.13,11123321137,3575335780,0
CASH_IN,2099.59,1685934,31854778591,0
CASH_IN,221693.08,12032909428,31531333864,0
CASH_IN,206097.65,12031377754,3564160838,0
CASH_IN,22384.21,1523211332,3459857341,0
CASH_IN,73210.99,11280124872,31435804085,0
CASH_IN,236747.6,11747053097,3757108857,0
CASH_IN,6284.18,1864326906,31749186397,0
CASH_IN,100198.77,11348115836,31750905143,0
CASH_IN,160347.32,11972143064,333524623,0
CASH_IN,289272.75,1312168418,375457651,0
CASH_IN,63189.26,195369743,31860513229,0
CASH_IN,196725.32,126928827,3451111351,0
PAYMENT,5882.32,1278476563,21479909053,0
DEBIT,625.92,1615954678,3811587677,0
PAYMENT,5937.72,11926180325,2733461760,0
PAYMENT,9796.29,11594039997,21323531427,0
PAYMENT,13449.95,11170788511,21400973979,0
PAYMENT,4749.6,1347091104,21105416433,0
PAYMENT,6460.86,11110195322,2404947798,0
PAYMENT,3605.26,1226690498,21455204443,0
PAYMENT,624.61,11976602906,21978209605,0
PAYMENT,3854.92,11624351535,21394356510,0
TRANSFER,420532.33,1582300198,31971489295,0
PAYMENT,4402.86,1533415944,21919834117,0
CASH_OUT,147804.02,11086849943,31182461167,0
PAYMENT,151.2,11265053098,2246003654,0
PAYMENT,58.21,1235370598,2248710794,0
PAYMENT,5936.82,12083217543,21073741635,0
CASH_OUT,145944.67,1177104018,31123629720,0
TRANSFER,7206.33,1478139423,31032986144,0
DEBIT,5581.55,1997695567,31282788025,0
DEBIT,5853.21,12066892165,3662736689,0
PAYMENT,2528.1,148305285,21625090026,0
PAYMENT,5655.17,11714378342,2265824587,0
PAYMENT,1456.09,193798665,241092582,0
PAYMENT,4252.82,1519303080,21345265484,0
TRANSFER,276460.62,11871680329,31360767589,0
PAYMENT,8811.67,11976166251,21950800085,0
PAYMENT,12666.68,11547398254,21337829755,0
CASH_OUT,95636.49,11979055448,31740000325,0
CASH_OUT,195314.34,1934740803,32083562754,0
PAYMENT,6049.09,1812143047,2314364096,0
PAYMENT,14306.8,11215951090,21205559205,0
PAYMENT,1117.34,1894421232,21098986569,0
DEBIT,3179.7,11182311147,31540270363,0
PAYMENT,2880.68,11531182070,2276869158,0
PAYMENT,3060.54,11491860739,21527214863,0
PAYMENT,879.42,1534753234,2172699023,0
PAYMENT,3486.78,1231725600,21831882653,0
PAYMENT,21530.96,1259251414,21552400354,0
PAYMENT,2426.31,1803893384,21078566479,0
PAYMENT,5110.1,11372422140,2819245704,0
PAYMENT,207.75,11288108586,21089584667,0
PAYMENT,18437.04,12054757222,21865201235,0
PAYMENT,8690.69,1348132918,21493988307,0
PAYMENT,4946.03,11805443519,21636322481,0
PAYMENT,5432.09,11978504976,21338368149,0
PAYMENT,7649.41,11129869771,21620459733,0
PAYMENT,3943.17,12044337856,2435914790,0
PAYMENT,3101.33,1422409467,21273958371,0
TRANSFER,51719.13,11659515968,31629911510,0
PAYMENT,13465.91,1664091267,21433208870,0
PAYMENT,19561.05,11724814719,21437988306,0
PAYMENT,9762.28,11543146693,21718322084,0
PAYMENT,9778.81,11956415355,2251520863,0
CASH_OUT,562903.81,124039137,333524623,0
PAYMENT,5055.94,1992086987,2731243659,0
PAYMENT,2858.89,11244867001,21037955032,0
PAYMENT,8531.42,1369805307,2314562573,0
PAYMENT,84.22,11100109058,2333693383,0
CASH_OUT,227478.01,11394010463,31590550415,0
PAYMENT,5033.02,11057307776,21819038759,0
TRANSFER,100588.8,11636588948,32050019814,0
PAYMENT,9374.72,195685867,2331596257,0
PAYMENT,598.24,1494953170,2509864971,0
PAYMENT,4531.55,1999647352,2911501858,0
PAYMENT,2998.2,1677120200,2694069884,0
PAYMENT,9269.99,1957923719,2747158012,0
PAYMENT,1209.64,11692073709,2948675904,0
PAYMENT,1298.7,11197498159,2785271142,0
PAYMENT,7797,1500230084,22023026843,0
PAYMENT,5831.03,11028145537,21628551735,0
PAYMENT,7067.9,12078641942,2606775513,0
PAYMENT,14895.51,11527882132,2935160003,0
PAYMENT,3316.21,11626852381,2300604602,0
PAYMENT,22276,11193398802,2453398853,0
PAYMENT,16505.51,11171255580,234073107,0
PAYMENT,636.95,11275009283,21658512704,0
PAYMENT,2056.59,11478995734,21699578227,0
PAYMENT,704.74,11456061400,21661777060,0
PAYMENT,3222.32,1104261836,2259630944,0
PAYMENT,11889.61,1351656492,2316335490,0
PAYMENT,9491.89,1597364637,21637613097,0
PAYMENT,6131.21,11527086220,2515273883,0
PAYMENT,11938.61,11697281847,21535026957,0
PAYMENT,4233.45,1737104370,2105966264,0
PAYMENT,32643.79,1821405322,2505231702,0
PAYMENT,622.15,11328323494,21311292881,0
PAYMENT,4573.12,11408533352,2617928649,0
PAYMENT,6057.8,1252615006,279919963,0
PAYMENT,5770.32,11943750504,21907604549,0
PAYMENT,9152.97,1176955204,2353023213,0
DEBIT,12154.7,11011044643,3451111351,0
PAYMENT,8378.01,11358857082,2979550238,0
PAYMENT,9616.45,12056234595,21558395480,0
PAYMENT,2231.28,12023917549,21416415959,0
PAYMENT,4932.54,11398260359,2371397455,0
CASH_IN,65413.89,12052223881,3614685048,0
CASH_IN,98560.08,11213871206,3434091818,0
CASH_IN,15054.61,1628392976,3832279283,0
CASH_IN,161632.16,1725832346,3985934102,0
CASH_IN,47529.19,11113895488,31359044626,0
CASH_IN,9577.45,11527007086,3838411509,0
CASH_IN,414238.59,11523649562,31359044626,0
CASH_IN,89327.65,11807176280,3451111351,0
CASH_IN,194900.16,1203819996,31262822392,0
CASH_IN,24470.43,11977618945,31360767589,0
CASH_IN,217668.38,1662925691,3476800120,0
CASH_IN,9067.51,11995952705,31182461167,0
CASH_IN,336827.91,11244880808,3476402209,0
CASH_IN,45317.95,11060519157,32096057945,0
CASH_IN,230021.01,158890945,31170794006,0
CASH_IN,154578.28,11269773610,3564160838,0
CASH_IN,314134.01,1464649704,31509514333,0
CASH_IN,206405.92,1367967231,3453211571,0
CASH_IN,158995.29,136531985,31816757085,0
CASH_IN,188238.54,1815336475,3766572210,0
CASH_IN,21255.8,1609483101,31381128261,0
CASH_IN,205955.77,11149407083,31688019098,0
CASH_IN,178370.36,1767436045,31590550415,0
CASH_IN,42547.96,11430199669,3673068808,0
CASH_IN,15152.15,11847431070,31262822392,0
CASH_IN,39249.67,11043639521,31225616405,0
CASH_IN,101669.17,11660837991,31234776885,0
CASH_IN,81694.11,11325866488,32083562754,0
CASH_IN,10266.7,11306794745,31256728724,0
CASH_IN,35502.25,11454171136,31832580921,0
CASH_IN,183250,11195396074,3736709391,0
CASH_IN,219220.21,1811562535,3451111351,0
CASH_IN,254895.5,11560379655,31509514333,0
CASH_IN,143148.97,11824322115,31170794006,0
CASH_IN,132457.52,1702999333,31262822392,0
CASH_IN,148834.28,11648582256,3766572210,0
CASH_IN,106727.81,1865858182,3665576141,0
CASH_IN,223123.71,1951988316,31359044626,0
CASH_IN,194311.34,1647973805,333524623,0
CASH_IN,338964.91,11591161296,3766572210,0
CASH_IN,247575.4,1842331982,31262822392,0
CASH_IN,29467.02,12076249476,31749186397,0
CASH_IN,90340.16,1660595570,31590550415,0
CASH_IN,198847.32,11088491512,31023714065,0
CASH_IN,155075.41,11434066477,31971489295,0
CASH_IN,76932.89,1648315947,31023714065,0
CASH_IN,92971.79,12117642238,3796533847,0
CASH_IN,7322.98,1913242382,3146305349,0
CASH_IN,222126.95,1870322840,31286084959,0
CASH_IN,62983.91,1837246227,31740000325,0
CASH_IN,1271.77,1173738886,3932583850,0
CASH_IN,246816.65,11262237002,333524623,0
CASH_IN,21898.97,12029754983,3747464370,0
CASH_IN,30811.56,11946111918,322805895,0
CASH_IN,100275.09,1564817260,3564160838,0
CASH_IN,46630.53,1194415222,32083562754,0
CASH_IN,158775.58,1798622145,31023714065,0
CASH_IN,90556.08,1638695843,3288665596,0
CASH_IN,173948.89,11411543296,31740000325,0
CASH_IN,66216.71,11800967368,397730845,0
CASH_IN,216133.99,1338887787,3747464370,0
CASH_IN,371883.82,11061448687,31971489295,0
CASH_IN,770537.37,12015999862,31883840933,0
CASH_IN,71275.47,11467515503,320671747,0
CASH_IN,336298.77,11533330615,31789550256,0
CASH_IN,317393.38,11197721383,31286084959,0
CASH_IN,181002.01,11917082298,31749186397,0
CASH_IN,311449.38,11639765351,31789550256,0
CASH_IN,270824.42,1478209179,31816757085,0
PAYMENT,1449.03,11166230227,2365056339,0
PAYMENT,3551.48,1307411297,2166536076,0
CASH_OUT,227768.63,11445424568,31023714065,0
CASH_OUT,172986.7,11374217958,333524623,0
PAYMENT,4940.2,11459016715,2912747546,0
PAYMENT,2755.96,11530957251,21292472219,0
DEBIT,8807.01,1767511741,320671747,0
DEBIT,3111.86,1548795052,3240650537,0
PAYMENT,10040.52,12143571436,22117099736,0
DEBIT,5363,1691863815,31321640594,0
PAYMENT,11990.19,1647149086,22070160397,0
PAYMENT,266.88,1103787801,21205580258,0
PAYMENT,1928.55,11959451969,2777313177,0
PAYMENT,10648.06,11441328175,21327895505,0
PAYMENT,962.43,11831141281,21705277839,0
PAYMENT,8348.1,12000648320,2142099757,0
PAYMENT,6969.67,11114335860,280026551,0
TRANSFER,20128,1137533655,31848415041,1
CASH_OUT,20128,11118430673,3339924917,1
PAYMENT,154.87,11527254842,22000469839,0
DEBIT,4040.84,11800693087,31825027294,0
PAYMENT,6490.17,11717473929,22100572327,0
PAYMENT,1101.09,11868578441,2659996839,0
DEBIT,4347.78,1890160158,31531333864,0
CASH_OUT,213922.13,11768127248,31234776885,0
CASH_OUT,83859.59,1119112899,31590550415,0
CASH_OUT,33269.25,1375074687,31629911510,0
CASH_OUT,51749.94,11429616542,3297927961,0
CASH_OUT,86410.3,1662666707,31023714065,0
CASH_OUT,10856.63,11821100643,31740000325,0
CASH_OUT,161613.93,1593768538,31789550256,0
CASH_OUT,244361.81,11191864687,333524623,0
CASH_OUT,596617.87,1466032056,31234776885,0
CASH_OUT,108600.78,1690822257,31810132623,0
CASH_OUT,377520.94,1726212590,31789550256,0
CASH_OUT,60758.42,11058822905,31318822808,0
CASH_OUT,86204.31,1475394679,31789550256,0
CASH_OUT,1234,11574615832,31983025922,0
CASH_OUT,18288.91,11049590050,31286084959,0
CASH_OUT,248979.22,11662592920,333524623,0
CASH_OUT,126774.5,11357686726,31234776885,0
CASH_OUT,38428.19,11491522744,31568059495,0
CASH_OUT,109732.52,1501608687,31816757085,0
CASH_OUT,17851.54,1929706284,3824208363,0
CASH_OUT,5223.97,142820240,31122805102,0
CASH_OUT,63807.17,11822434669,32083562754,0
CASH_OUT,406297.68,11592840862,3985934102,0
PAYMENT,4779.93,1955611965,21367672657,0
TRANSFER,16631.14,11021565761,3998351292,0
PAYMENT,2771.16,11692375649,22002790740,0
PAYMENT,3154.06,1237373286,2742255664,0
PAYMENT,7813.63,1883521348,21115013644,0
PAYMENT,360.13,12086068243,21070194629,0
CASH_OUT,431381.17,11076202543,3306206744,0
TRANSFER,43670.84,1749486981,3885951223,0
PAYMENT,7342.63,11731295355,2385332399,0
PAYMENT,7417.09,12061440682,2883020319,0
PAYMENT,8865.26,11488946768,21942356772,0
CASH_OUT,213490.87,11907241392,31971489295,0
PAYMENT,7444.4,11269118128,21863100050,0
CASH_OUT,287265.38,1739264372,3306206744,0
CASH_OUT,416001.33,1749981943,3667346055,1
PAYMENT,6432.26,11313960293,21155757579,0
PAYMENT,8690.86,11785111044,21482748887,0
PAYMENT,3791.28,1494894055,21123226989,0
PAYMENT,4111.34,1500885941,21115381650,0
PAYMENT,7163.9,1616412281,22118096382,0
PAYMENT,6557.51,1878861517,2746394140,0
PAYMENT,17348.25,11705665942,21731763384,0
PAYMENT,1586.28,11100619942,287242619,0
PAYMENT,6811.97,1864248990,2285074186,0
PAYMENT,36651.07,115892131,2484841769,0
PAYMENT,4804.68,1879311295,21274247563,0
PAYMENT,19375.5,11483145520,21961129028,0
PAYMENT,13833.75,1163385254,21506938939,0
PAYMENT,21008.52,1970781872,21850597787,0
PAYMENT,22043.92,1258737099,21190566357,0
PAYMENT,32635.14,1407997647,2428996455,0
PAYMENT,11438.39,11988939205,280141040,0
PAYMENT,13527.16,1275056979,2106557175,0
PAYMENT,11881.78,1371976476,2612937843,0
PAYMENT,9805.46,1480184864,21433956626,0
PAYMENT,9470.85,1483525032,22109219177,0
PAYMENT,20560.86,1429058804,2259319861,0
PAYMENT,13679.84,152913970,21059634518,0
PAYMENT,15448,1836969741,2436094532,0
PAYMENT,1987.4,1567852222,21541433310,0
PAYMENT,4145.04,11938025186,2405036720,0
PAYMENT,3511.45,12088582214,2620456576,0
PAYMENT,1118.1,11220759559,21923634801,0
PAYMENT,15.06,11730337646,2418513504,0
CASH_IN,352568.35,11256405521,3665576141,0
PAYMENT,3043.27,12051598050,2188791662,0
PAYMENT,9758.09,161426020,21347016882,0
PAYMENT,5924.89,11829460911,21662912171,0
PAYMENT,9550.43,1708153797,2883380345,0
PAYMENT,4355.66,154960993,2276748028,0
DEBIT,6973.12,1373544591,31568059495,0
PAYMENT,2358.63,1409565350,2771923297,0
DEBIT,374.36,11210939243,31335050193,0
PAYMENT,8946.63,11079125839,2321772459,0
PAYMENT,20573.4,1696165690,2181078353,0
PAYMENT,8358.12,11542598424,2645875534,0
PAYMENT,1006.76,12054451662,2673672784,0
PAYMENT,10498.05,11659309731,21056862342,0
TRANSFER,463722.76,11734184086,3832279283,0
TRANSFER,138857.19,11947941827,31789550256,0
PAYMENT,5184.9,1785625589,21667534569,0
PAYMENT,3626.96,11758893871,21170111701,0
PAYMENT,282.42,11985028494,2830863979,0
DEBIT,8703.54,11832283291,31335050193,0
PAYMENT,3673.1,11532554556,2620423816,0
PAYMENT,9800.58,1976358110,21690233783,0
CASH_OUT,88987.11,12014563089,3932583850,0
PAYMENT,4227.19,1198098993,2553672556,0
PAYMENT,2881.51,1854653864,21415439780,0
PAYMENT,4376.46,1703555670,2179808568,0
PAYMENT,11656.12,11068445309,273698537,0
TRANSFER,345698.98,11453062635,3997608398,0
PAYMENT,3292.21,11632789609,2659059448,0
PAYMENT,7367.06,1124494140,2246826139,0
PAYMENT,2937.34,12083854344,2403598020,0
DEBIT,1150.14,11119242936,31122805102,0
PAYMENT,3563.36,12123914473,2708443754,0
PAYMENT,2380.46,11091234211,2832145584,0
PAYMENT,2266.02,1224060798,21752535057,0
TRANSFER,32132.45,12116299597,31466073198,0
TRANSFER,51627.39,150720817,31526298704,0
TRANSFER,62073.54,11496220730,31740000325,0
TRANSFER,13614.91,1488600086,3380242442,0
TRANSFER,2290.73,11111379131,3660143728,0
TRANSFER,637161,11846982837,31789550256,0
TRANSFER,639378.37,11135935001,3392292416,0
TRANSFER,34390.85,1635288507,31291286504,0
TRANSFER,1867849.02,1355885103,3665576141,0
TRANSFER,1193410.46,11321115948,31590550415,0
TRANSFER,348186.2,1706665172,3306206744,0
TRANSFER,1440296.14,11649847375,31590550415,0
TRANSFER,799483.57,11153933106,3306206744,0
TRANSFER,969631.31,12144067911,3248609774,0
TRANSFER,483544.3,1593447952,31286084959,0
TRANSFER,326349.91,11950136544,3564160838,0
DEBIT,7546.88,1209360730,31259769769,0
PAYMENT,2469.75,1740007499,21971152916,0
DEBIT,1741.24,11687627235,3997608398,0
PAYMENT,553.25,11007660652,21276544608,0
PAYMENT,6606.31,11387620926,2265348534,0
PAYMENT,2075.94,11324173038,2917568725,0
TRANSFER,84212.94,11336775847,313329486,0
CASH_OUT,312108.51,11196963249,31262822392,0
PAYMENT,1647.93,11663488386,21380044647,0
PAYMENT,3533.32,11902801188,21998137093,0
PAYMENT,7659.86,1577127077,22122357625,0
PAYMENT,7203.07,11556162268,21650332494,0
CASH_OUT,116206.75,11924990666,31318822808,0
CASH_OUT,30331.38,1144445623,3998351292,0
PAYMENT,2063.77,11572745406,21340644388,0
PAYMENT,3035.35,11434015813,21023996917,0
CASH_OUT,123797.1,1295640874,3557041912,0
DEBIT,8233.25,1438151297,3846947180,0
PAYMENT,2271.34,196039159,22144644334,0
PAYMENT,3801.74,1375097969,21635082651,0
PAYMENT,1530.83,1788892554,21970073944,0
PAYMENT,4833.96,11060042118,21964847681,0
PAYMENT,5842.61,11992801971,21681094402,0
PAYMENT,2871.89,1754527431,2820677667,0
DEBIT,5297.36,12064883371,3655381473,0
TRANSFER,621561.65,182275756,31782113663,0
PAYMENT,829.07,11629353699,299808631,0
PAYMENT,3418.07,11651754404,21564892747,0
CASH_OUT,41924.75,11407324654,31526298704,0
CASH_OUT,173597.57,11101598632,3248609774,0
CASH_OUT,77642.84,11032568028,3667346055,0
CASH_OUT,144964.23,11380976928,3932583850,0
CASH_OUT,94038.9,1293474277,3998351292,0
CASH_OUT,26051.33,1413373997,3215145189,0
CASH_OUT,134143.27,12024711353,3451111351,0
CASH_OUT,497424.19,1711310213,3932583850,0
CASH_OUT,607616.73,11267042315,31286084959,0
CASH_OUT,681093.57,11335061928,31023714065,0
CASH_OUT,114057.61,11108706191,3932583850,0
CASH_OUT,205279.62,11160487387,3932583850,0
CASH_OUT,173512.93,1579447973,31816757085,0
CASH_OUT,166817.98,11990421361,31971489295,0
CASH_OUT,113283.13,1407148497,3885951223,0
CASH_OUT,179030.05,116373883,31360767589,0
CASH_OUT,94332,11878700101,31782113663,0
CASH_OUT,141111.15,140875560,32083562754,0
CASH_OUT,45756.23,11042891691,3392292416,0
CASH_OUT,6039.61,11893563925,31653844940,0
CASH_OUT,46261.02,11251967187,3575335780,0
CASH_OUT,312471.16,1901689694,31789550256,0
CASH_OUT,195490.04,11107204185,3564160838,0
CASH_OUT,107308.84,11523084197,31291286504,0
CASH_OUT,48252.82,11818747191,3451111351,0
CASH_OUT,25674.03,1747870628,3597190999,0
CASH_OUT,63830.49,1421191743,31531333864,0
CASH_OUT,96178.8,19844218,31749186397,0
CASH_OUT,155122.86,11403716230,3997608398,0
CASH_OUT,171757.76,11673916398,32050019814,0
CASH_OUT,8809.04,1756080817,31740000325,0
CASH_OUT,27320.2,1479734028,3614685048,0
CASH_OUT,517915.91,1388802347,31170794006,0
CASH_OUT,34629.16,11541046463,31860513229,0
CASH_OUT,94296.25,11910896157,3401424608,0
CASH_OUT,285360.06,1753426788,31782113663,0
CASH_OUT,161445.91,11586470445,3557041912,0
CASH_OUT,386683.04,11373577787,333524623,0
CASH_OUT,169854.57,1265577219,31816757085,0
CASH_OUT,126167.7,11624817884,3248609774,0
CASH_OUT,152757.58,11107579932,31262822392,0
CASH_OUT,49661.18,11784834205,3451111351,0
CASH_OUT,73513.5,11174586025,31750905143,0
CASH_OUT,166335.32,11627010197,333524623,0
CASH_OUT,234268.82,14073506,31750905143,0
CASH_OUT,306280.12,12044825144,31360767589,0
CASH_OUT,194620.68,1698747943,3453211571,0
CASH_OUT,128278.74,1407493402,31262822392,0
CASH_OUT,256773.54,11774690057,31971489295,0
CASH_OUT,105759.12,1480402503,31318822808,0
CASH_OUT,59390.46,1100445376,3977993101,0
CASH_OUT,131991.26,11396385390,31971489295,0
CASH_OUT,65025.3,1114414807,3977993101,0
CASH_OUT,82054.36,1144699438,31526298704,0
CASH_OUT,69708.79,11751500625,31335050193,0
CASH_OUT,9104.26,11650955365,3990355670,0
CASH_OUT,92553.64,11788380050,31182461167,0
CASH_OUT,66312.08,1493944943,31750905143,0
CASH_OUT,142282.63,11533547487,3453211571,0
CASH_OUT,114499.14,199770475,31899073220,0
CASH_OUT,76635.24,1727250772,3357863579,0
CASH_OUT,132574,11052768296,3977993101,0
CASH_OUT,39485.21,1626193099,31883840933,0
CASH_OUT,236825.42,1859123506,31899073220,0
CASH_OUT,327066.19,11597742167,3453211571,0
CASH_OUT,156819.6,1503595296,31318822808,0
CASH_OUT,13136.44,1754072705,31023714065,0
PAYMENT,4306.89,1908384914,2905847077,0
PAYMENT,8309.52,1156199931,2878991463,0
PAYMENT,5363.35,1612693043,21622613647,0
PAYMENT,132.42,1307605969,273688220,0
PAYMENT,19644.08,1130166095,21599674462,0
PAYMENT,895.24,11623060829,21205483858,0
PAYMENT,7641.08,11373949107,21189651769,0
PAYMENT,31188.22,11230013344,21607869297,0
PAYMENT,13954.75,1681639276,2727860268,0
PAYMENT,10497.33,11717739363,2138536309,0
PAYMENT,5843.75,1665137804,2509559152,0
PAYMENT,7260.2,11815370847,21801021153,0
PAYMENT,10285.86,11709578324,222446425,0
PAYMENT,6249.78,11338958728,21870723838,0
PAYMENT,848.74,1988904418,2261650860,0
PAYMENT,6993.7,1938613108,21598898814,0
PAYMENT,795.29,11850874910,2575360353,0
PAYMENT,9191.46,197901029,2809383315,0
CASH_OUT,132038.41,11324514662,3998351292,0
PAYMENT,6495.27,1908722588,2496757837,0
PAYMENT,1679.68,11548271808,217600354,0
TRANSFER,47477.97,11733056574,31629911510,0
DEBIT,1260.62,1636959006,31686100174,0
PAYMENT,15034.23,11059300256,21521568953,0
PAYMENT,3238.39,11605988985,21134202713,0
CASH_OUT,251241.14,11636178473,3997608398,0
PAYMENT,3644.12,1822232612,2633131207,0
CASH_OUT,283123.48,1852190062,31831477404,0
PAYMENT,2851.83,11674403916,21088239991,0
CASH_IN,94726.64,161137731,3476800120,0
PAYMENT,17020.69,11780293706,21658511941,0
PAYMENT,6523.19,11264941544,21878992188,0
PAYMENT,1383.56,11818449913,21495161082,0
DEBIT,1580.66,1961859592,31556995360,0
PAYMENT,2466.95,1798278875,21497268815,0
PAYMENT,1017.85,11926027290,21837601499,0
PAYMENT,2270.41,11690050988,21228798862,0
CASH_OUT,102265.88,11562764987,3392292416,0
DEBIT,13758.63,1216376974,31219161283,0
CASH_IN,5221.77,1164714495,3317071334,0
PAYMENT,12256.66,1789982400,21576277927,0
PAYMENT,8227.3,12080643905,22137642385,0
PAYMENT,527.15,11627883152,2481553464,0
PAYMENT,950.25,11076966140,21908781622,0
PAYMENT,12728.46,1749443480,2796553753,0
PAYMENT,1002.96,11721045976,2975001918,0
PAYMENT,6917.1,11250582716,2907815246,0
PAYMENT,1977.17,12019157894,2677217562,0
PAYMENT,9314.84,1827035437,21716164115,0
PAYMENT,1157.05,11360541835,2363397863,0
DEBIT,3766.99,12021053848,31123629720,0
PAYMENT,3464.41,11245593227,21525844775,0
CASH_OUT,68662.06,1118555812,31740000325,0
DEBIT,8679.29,11233505227,31877453512,0
PAYMENT,15266.05,11928621590,21016162524,0
PAYMENT,8348.75,1858423246,21419125235,0
PAYMENT,8419.73,188301993,2841166421,0
PAYMENT,6688.74,11377301456,2938199512,0
PAYMENT,1979.94,1691779749,237841489,0
PAYMENT,9574.31,11873121466,2115945887,0
PAYMENT,5287.68,11927499639,22079961240,0
PAYMENT,10627.18,1949673757,21999664216,0
PAYMENT,5809.78,1532677950,2688593710,0
TRANSFER,411363.54,11200048933,31049817027,0
PAYMENT,4086.5,1862025017,2739737502,0
PAYMENT,19741.22,11572127577,2546796969,0
PAYMENT,5270.72,1417797183,2261845810,0
CASH_IN,55827.09,11959708563,31850180796,0
CASH_OUT,174068.82,11877986974,333524623,0
TRANSFER,1277212.77,11334405552,3431687661,1
CASH_OUT,1277212.77,1467632528,3716083600,1
CASH_IN,24105.5,1422522663,3644345897,0
PAYMENT,6854.06,1145066402,2207988207,0
CASH_OUT,111899.09,11800500978,31883840933,0
PAYMENT,1231.79,1191310504,2799755007,0
PAYMENT,3380.1,1247515192,21850137076,0
DEBIT,2869.65,11556520190,31664439369,0
PAYMENT,1658.87,1701487403,2566641954,0
PAYMENT,823.36,12039984535,2299819831,0
PAYMENT,7541.47,11175418534,21442038800,0
DEBIT,3635.93,1296541232,3288665596,0
PAYMENT,1328.59,11997357673,21250603112,0
TRANSFER,56145.85,126357357,31058634310,0
PAYMENT,973.18,11990733619,21806378373,0
PAYMENT,619.24,11958592872,21682733268,0
DEBIT,300.41,11395262169,3736709391,0
TRANSFER,700967.19,11629454900,31060830840,0
PAYMENT,8354.27,12075372030,22092885124,0
DEBIT,5423.28,12139168000,3367746789,0
PAYMENT,708.59,11653751526,267671827,0
PAYMENT,8358.81,1253348306,22013768748,0
PAYMENT,2245.62,1194107588,21264674474,0
PAYMENT,4593.59,1175595853,21339345635,0
PAYMENT,399.66,11241938981,2168957945,0
PAYMENT,1617.9,11004430079,21379148981,0
PAYMENT,2167.26,1732597634,2832432849,0
PAYMENT,9738.95,12031927175,2176041373,0
PAYMENT,3396.25,11967617997,2726843606,0
PAYMENT,6780.78,1925803196,21288135425,0
PAYMENT,2284.54,149318987,21058650291,0
PAYMENT,502.61,12111882926,2172518776,0
PAYMENT,8716.47,1215759534,22129844134,0
CASH_OUT,209370.56,198351968,3885951223,0
CASH_OUT,117023.79,11278616846,322805895,0
PAYMENT,10891.96,1559050604,21240843015,0
PAYMENT,4149.86,1697460450,21416706187,0
PAYMENT,13252.81,11726616678,223076423,0
PAYMENT,1213.64,11006624255,21721180011,0
PAYMENT,5800.85,11349025531,21367068823,0
PAYMENT,8094.53,1338620258,21251788491,0
PAYMENT,3825.39,11502668485,21457551880,0
PAYMENT,12162.01,1903268937,2424732838,0
CASH_OUT,472385.25,11193841543,3392292416,0
PAYMENT,13427.34,1315461968,2290096578,0
PAYMENT,1873.13,1255941269,2217470033,0
PAYMENT,6443.58,11917784974,2938405008,0
PAYMENT,4008.01,1855547146,2211031000,0
CASH_OUT,197186.52,1105751207,3998351292,0
PAYMENT,1220.37,11174881426,214124949,0
DEBIT,1683.95,1745627268,31686100174,0
PAYMENT,2713.67,11195542839,21000171161,0
PAYMENT,4867.56,1130721104,2560549459,0
CASH_OUT,242940.23,11924227192,3453211571,0
PAYMENT,4433.98,1583559449,21895479349,0
PAYMENT,2168.8,1453671855,21648458262,0
PAYMENT,10059.7,152451302,2650013863,0
PAYMENT,8092.1,11856093404,2123337428,0
PAYMENT,11770.54,1105321150,21397333381,0
PAYMENT,1576.78,1820878444,22016038911,0
PAYMENT,320.53,11187410086,21509713998,0
DEBIT,3390.74,195322593,31336996537,0
PAYMENT,2736.35,1802255644,21525114112,0
PAYMENT,6029.92,11617156106,2288615534,0
PAYMENT,7506.65,1895366343,21416665097,0
PAYMENT,12621.09,1707635461,2619929778,0
PAYMENT,1582.67,11624211687,2808447015,0
PAYMENT,881.26,11997344422,21220806149,0
DEBIT,4651.67,11410367298,3824208363,0
PAYMENT,8074.16,1454160179,274885833,0
PAYMENT,4337.08,11827303532,21004009692,0
DEBIT,429.42,1791408866,31793436274,0
PAYMENT,7645.96,1515520300,2569138567,0
TRANSFER,221654.28,1637091966,3476800120,0
PAYMENT,10932.41,11428494531,2443110940,0
PAYMENT,4518.42,11504321715,2910123336,0
PAYMENT,1616.52,11260487756,2455668354,0
PAYMENT,3545.37,1328197868,21584918772,0
CASH_IN,159334.62,1431164562,3242131142,0
CASH_OUT,334262.17,11163088324,3985934102,0
PAYMENT,5403.87,1696739588,21209451152,0
PAYMENT,13288.84,11228963996,2373437697,0
PAYMENT,7079.24,182825098,22048102341,0
PAYMENT,4451.95,1932885627,2813131188,0
PAYMENT,25554.79,11251897263,2748006558,0
PAYMENT,6757.51,11313799195,21168079523,0
PAYMENT,2756.3,12093319848,22109027570,0
PAYMENT,4163.82,11151512955,22052489518,0
DEBIT,5416.8,1712423434,31321530272,0
PAYMENT,8356.44,12125470482,2793269462,0
DEBIT,7257.7,11641672672,3461160828,0
PAYMENT,5570.5,12121317689,215094126,0
PAYMENT,9181.99,11843743552,21139609587,0
PAYMENT,663.34,1948960194,2173060252,0
PAYMENT,1532.35,11302877661,21720797452,0
PAYMENT,1180.55,1562561015,2777813771,0
PAYMENT,7950.29,1567656864,21306535359,0
PAYMENT,5334.81,11401295795,2519019247,0
PAYMENT,760.21,1288919635,21572442646,0
PAYMENT,1697.56,11052842393,21545327692,0
PAYMENT,112.56,1167013780,2416049054,0
PAYMENT,13373.96,1779598031,2743219449,0
DEBIT,6606.47,1108982313,31870252780,0
CASH_OUT,208501.33,12113243119,31816757085,0
PAYMENT,1045.63,11851255134,2659937029,0
CASH_OUT,363482.02,11457226878,31899073220,0
DEBIT,2935.86,1121678773,31259769769,0
CASH_IN,88626.65,11443675930,3403147759,0
CASH_OUT,540789.56,11609086753,31023714065,0
PAYMENT,10430.39,11427775702,21468343491,0
PAYMENT,4279.07,11690481990,22114537280,0
PAYMENT,3537.25,12047984839,280499834,0
TRANSFER,66225.76,11968552224,3367746789,0
PAYMENT,964.77,11095947149,2898695324,0
PAYMENT,12178.51,11402531280,2190628410,0
CASH_OUT,310157.55,11556461159,31590550415,0
PAYMENT,2272.54,11642973315,21972326147,0
PAYMENT,6078.56,1405741210,21764291958,0
PAYMENT,4108.8,11712230656,21777745301,0
PAYMENT,2671.31,1164439551,2669053685,0
PAYMENT,12426.38,1896852376,21840670774,0
PAYMENT,17373.04,1229919394,2769877691,0
PAYMENT,7272.63,11057569470,21637876401,0
PAYMENT,6548.43,11324262781,22014233765,0
PAYMENT,2644.63,1237297104,21869673263,0
PAYMENT,6776.93,11418622705,21521204009,0
PAYMENT,1810.41,11925785585,2449338124,0
DEBIT,2586.39,11037475674,3392292416,0
TRANSFER,47564.74,1983767354,31671179293,0
PAYMENT,5485.04,132393008,21504083002,0
DEBIT,2644.54,11342374939,31948471365,0
PAYMENT,9361.47,11917562344,224097622,0
PAYMENT,1193.24,11807894765,2598325842,0
DEBIT,9549.7,1211973922,3728885526,0
CASH_OUT,593.4,11890287843,31123629720,0
PAYMENT,1122.14,1156711739,21732410217,0
TRANSFER,264361.19,12017860548,3716083600,0
PAYMENT,8148.08,11413886135,21693997031,0
PAYMENT,8264.22,1278262050,21489322191,0
PAYMENT,3393.22,11029898472,2461516748,0
PAYMENT,2392.53,1614580607,21443900956,0
PAYMENT,5324.43,11934692470,22032647583,0
CASH_OUT,160700.51,11395073533,3557041912,0
DEBIT,8901.32,168195659,3240650537,0
CASH_OUT,9864.23,12142893855,31254526270,0
PAYMENT,8791.02,1993420850,21374982240,0
TRANSFER,35063.63,11364127192,31136419747,1
CASH_OUT,35063.63,11635772897,31983025922,1
PAYMENT,1066.04,11768952842,2485686996,0
DEBIT,5430.64,1989126847,31526298704,0
CASH_OUT,161796.96,1609887969,3985934102,0
CASH_OUT,107292.25,11298380324,31096283470,0
PAYMENT,6488.6,11181545730,21535116392,0
PAYMENT,1617.97,1773348567,22115640742,0
CASH_OUT,427175.03,11602167682,3248609774,0
DEBIT,6765.12,167620673,31122805102,0
DEBIT,3269.72,11746257394,3793315160,0
PAYMENT,9499.4,11187779195,21611221523,0
PAYMENT,865.77,11523510420,2473073770,0
CASH_OUT,151096.79,1977997405,31049817027,0
DEBIT,4244.4,1280531669,31360767589,0
PAYMENT,885.9,11027569178,2893835279,0
PAYMENT,4322.17,11469907228,257085696,0
PAYMENT,7664.12,11160652496,21185618138,0
PAYMENT,3644.85,12030138610,21109752797,0
PAYMENT,12462.9,11988746735,21752856108,0
PAYMENT,3014.54,1439232821,21933328958,0
PAYMENT,5880.33,11264754451,21888639813,0
PAYMENT,14025.72,1463381475,2178401052,0
PAYMENT,12187.88,11441243996,2936219350,0
PAYMENT,10777.89,11495445111,21113829504,0
PAYMENT,708.82,1720770771,21911978617,0
DEBIT,5633.3,11038820134,31961176822,0
PAYMENT,2223.41,11658020779,22022285740,0
PAYMENT,2195.63,1988690806,21593368350,0
DEBIT,1668.11,1667890001,3673068808,0
TRANSFER,281425.06,1310276293,31831477404,0
TRANSFER,18561.23,11494277749,31629911510,0
TRANSFER,39069.42,11091107430,322805895,0
TRANSFER,63186.93,1521342639,31123629720,0
TRANSFER,419757.69,12114629072,3998351292,0
TRANSFER,127920.4,1557197074,3977993101,0
TRANSFER,11136.72,1669725336,31782580546,0
TRANSFER,33782.98,1537536188,31973538135,0
TRANSFER,3776389.09,1197491520,31883840933,0
TRANSFER,1127058.69,1458998685,3453211571,0
TRANSFER,112401.53,11700421020,31688019098,0
TRANSFER,668237.36,1345290829,31789550256,0
TRANSFER,789419.02,1883678948,31286084959,0
TRANSFER,569068.84,11906947271,31782113663,0
TRANSFER,682894.68,11177072083,31023714065,0
TRANSFER,443116.03,12010070923,3564160838,0
TRANSFER,3942.44,1502891368,31225616405,0
TRANSFER,539430.95,1566891420,31750905143,0
TRANSFER,598782.65,1577734751,3453211571,0
TRANSFER,600581.61,1752011518,31782113663,0
TRANSFER,221297.05,12103569615,31318822808,0
TRANSFER,249592.99,1214320652,31318822808,0
PAYMENT,5170.23,11379207867,21746578747,0
PAYMENT,8553.73,1443491171,2606593028,0
CASH_OUT,9980.32,11589466857,31018298342,0
PAYMENT,11982.62,11676888944,26559830,0
DEBIT,2763.95,1458817438,3846947180,0
CASH_OUT,265763.02,1795273218,3985934102,0
PAYMENT,2364.01,11454870101,21982958205,0
PAYMENT,1432.47,1709439274,2846718105,0
PAYMENT,233.76,11482166692,2583015088,0
PAYMENT,13259.12,11091781053,21280128554,0
PAYMENT,2364.34,11409342262,21991724700,0
PAYMENT,3903.48,1762509150,2145455292,0
TRANSFER,301298.69,11520491508,3662736689,0
PAYMENT,6623.21,1380616082,2744316958,0
DEBIT,1009.43,12145420209,31531333864,0
PAYMENT,1639.33,1600017090,21215029765,0
PAYMENT,2033.14,1259077766,21962398162,0
TRANSFER,45864.43,11263391254,385777802,0
PAYMENT,11411.34,11554086576,21516417700,0
PAYMENT,23.31,1273777019,2891894789,0
PAYMENT,613.83,11644864746,2766696861,0
PAYMENT,7154.46,1829737737,21296109622,0
PAYMENT,1091.54,12061226112,21103017075,0
PAYMENT,3193.99,11443173326,2318794136,0
PAYMENT,1849.56,1939254952,255755528,0
PAYMENT,4170.82,12100771791,21835778392,0
PAYMENT,4099.91,198412281,2268599241,0
PAYMENT,5923.01,11420810053,21736293769,0
TRANSFER,208376.61,1268379633,3716083600,0
TRANSFER,131033.44,1201392112,31335050193,0
TRANSFER,223848.92,1641664202,31526298704,0
TRANSFER,68332.36,1748975217,31782113663,0
TRANSFER,205368.78,11510087865,3985934102,0
TRANSFER,424141.36,11366722422,32083562754,0
TRANSFER,373185.07,1254918854,3401424608,0
TRANSFER,2258388.15,112139181,31789550256,0
TRANSFER,250968.18,11251219927,31782113663,0
TRANSFER,19772.53,1792488644,32094777811,0
TRANSFER,43023.82,1780843029,3660143728,0
TRANSFER,1628887.72,11739555643,3451111351,0
TRANSFER,755499.13,1220165304,31262822392,0
TRANSFER,289203.45,11094272405,3998351292,0
TRANSFER,902485.36,1973604791,3392292416,0
TRANSFER,351854.11,1564526486,3451111351,0
TRANSFER,605790.2,11466558382,3401424608,0
TRANSFER,353312.93,11551303995,3977993101,0
TRANSFER,855931.4,1649630909,31234776885,0
TRANSFER,699928.86,1679449777,3998351292,0
PAYMENT,5886.25,1817054343,21418315639,0
TRANSFER,200774.62,1913746983,31810132623,0
DEBIT,1088.94,11660451908,32001112025,0
PAYMENT,3500,11224064486,21381857776,0
TRANSFER,109552.96,11363800072,31360767589,0
TRANSFER,59531.87,11886567481,3998351292,0
TRANSFER,133637.07,1361571676,3306206744,0
TRANSFER,75752.73,1749100260,31688019098,0
TRANSFER,100362.16,1846274760,3747464370,0
TRANSFER,191177.92,11460126155,3716083600,0
TRANSFER,435589.96,1727497138,3401424608,0
TRANSFER,1950.77,1889422145,3614685048,0
TRANSFER,2223005.62,1248483913,3248609774,0
TRANSFER,902505.61,11731137986,3932583850,0
TRANSFER,1201716.66,1695248316,3665576141,0
TRANSFER,494972.01,15255258,31234776885,0
TRANSFER,1417001.19,11928312257,3306206744,0
PAYMENT,3445.96,11834031967,21092619788,0
PAYMENT,2650.82,11089680530,21337835760,0
PAYMENT,2073.2,1718512571,21807911555,0
CASH_OUT,319825.94,1843867341,3564160838,0
CASH_OUT,129431.13,1324507700,3747464370,0
CASH_OUT,105351.94,1616443292,3401424608,0
CASH_OUT,38167,11540832538,3488044861,0
CASH_OUT,4682.74,1183259297,3195600860,0
DEBIT,1280.14,1626393072,31112414583,0
DEBIT,3039.84,11892869131,333524623,0
PAYMENT,5998,1302987494,22047744862,0
PAYMENT,4273,11882116496,2389779746,0
PAYMENT,3637.13,12081964843,21984328477,0
PAYMENT,892.53,11893899796,2991671211,0
PAYMENT,10707.6,194682872,21086323658,0
PAYMENT,6380.75,1608817143,21118414398,0
TRANSFER,271161.74,11658487789,31219161283,0
TRANSFER,274108.4,11568949719,3564160838,0
DEBIT,2676.97,1936906727,3824208363,0
PAYMENT,7512.61,1944752500,2238874235,0
PAYMENT,8612.28,11911138454,2112797307,0
PAYMENT,413.4,11082865087,2699221219,0
PAYMENT,6794.39,1364704856,21526305386,0
PAYMENT,9247.18,11137078855,21027200,0
PAYMENT,2821.51,11919125229,21688150025,0
TRANSFER,378703.81,1347808407,3838411509,0
PAYMENT,9818.95,11773008684,2127356954,0
PAYMENT,13268.46,1437630857,21475842502,0
CASH_IN,378896.52,11365575811,3306206744,0
CASH_IN,65671.39,11817154869,3716083600,0
CASH_IN,35492.2,11540476618,32050019814,0
CASH_IN,18510.43,1818093527,32089016471,0
CASH_IN,83587.86,11234905692,31219161283,0
CASH_IN,62455.76,11500379239,31359044626,0
CASH_IN,44708.03,1203409950,397730845,0
CASH_IN,343189.13,1605705199,31816757085,0
CASH_IN,60215.46,1876823802,3367746789,0
CASH_IN,235288.68,147918293,3306206744,0
CASH_IN,206955.99,11894144426,3998351292,0
CASH_IN,383446.61,1102103410,3564160838,0
CASH_IN,145095.94,1677317086,32083562754,0
CASH_IN,300632.87,11933129092,3838411509,0
CASH_IN,119081.76,1827328832,31023714065,0
CASH_IN,203148.34,1405252209,31750905143,0
CASH_IN,104335.07,11223050066,3716083600,0
CASH_IN,251482.63,11917442783,31023714065,0
CASH_IN,92784.06,11130551263,31761291320,0
CASH_IN,21670.38,11713605602,3215145189,0
CASH_IN,175443.85,1472234151,3392292416,0
CASH_IN,226031.29,1537265886,3564160838,0
CASH_IN,234052.7,11963974958,31060830840,0
CASH_IN,229848.96,1260638966,32083562754,0
CASH_IN,111655.85,11045985568,31831477404,0
CASH_IN,51284.87,1788048067,3248609774,0
CASH_IN,270.78,1619985571,3875917495,0
CASH_IN,154442.99,11677543539,3832279283,0
CASH_IN,34918.59,1504478805,31948471365,0
CASH_IN,57262.72,11967432164,31973538135,0
CASH_IN,189703.56,11893772493,31531333864,0
CASH_IN,288838.13,12035801202,31060830840,0
CASH_IN,61505.91,11790387225,311003494,0
CASH_IN,404167.6,1984412970,311003494,0
CASH_IN,57323.56,11340057206,3660143728,0
CASH_IN,68988.21,1137123763,3998351292,0
CASH_IN,74230.21,11541942595,31590550415,0
CASH_IN,377287.8,1100708535,3985934102,0
CASH_IN,185897.79,1878598679,31182461167,0
CASH_IN,173842.23,11587872480,31291286504,0
CASH_IN,31646.31,11144897090,31291286504,0
CASH_IN,48134.99,11195064186,31961176822,0
CASH_IN,229982.47,124334184,3564160838,0
CASH_IN,216806.48,12008547236,3564160838,0
CASH_IN,117257.18,11590792382,31182461167,0
CASH_IN,174413.77,11076855029,31123629720,0
CASH_IN,72897.92,11539088279,3662736689,0
CASH_IN,82564.24,1322830747,32050019814,0
CASH_IN,63764.9,11094199074,3885951223,0
CASH_IN,183074.81,12108440536,31219161283,0
CASH_IN,223744.8,11112758237,31831477404,0
CASH_IN,46179.38,1553821397,31096283470,0
CASH_IN,91611.03,1553879264,31750905143,0
CASH_IN,128022.19,11028472807,31286084959,0
CASH_IN,157949.72,11710783020,3985934102,0
CASH_IN,26516.56,11365790282,31937962514,0
CASH_IN,105647.45,11826747905,31068824137,0
CASH_IN,61858.19,1948395645,3985934102,0
CASH_IN,245041.35,1512256603,3985934102,0
CASH_IN,42922.81,1226586078,31182461167,0
CASH_IN,137465.55,11848886161,31318822808,0
CASH_IN,170207.14,11816468636,32050019814,0
CASH_IN,18513.77,1834824701,3306206744,0
CASH_IN,199318.34,1925568390,31096283470,0
CASH_IN,26295.3,11198817209,31883840933,0
CASH_IN,111549.83,151460663,31749186397,0
CASH_IN,56912.01,1557725225,3614685048,0
CASH_IN,414285.51,11318475957,31049817027,0
CASH_IN,298109.36,1712732521,3667346055,0
CASH_IN,269736.99,1540092563,31526298704,0
CASH_IN,18622.16,11894698434,31825027294,0
CASH_IN,183816.31,1205615258,31023714065,0
CASH_IN,143405.8,12108708444,3667346055,0
PAYMENT,449.97,11424788681,21391119179,0
PAYMENT,2743.55,11428726828,2710220387,0
PAYMENT,1548.73,1443502884,2517693873,0
PAYMENT,4828.43,1247644034,2214313531,0
PAYMENT,1737.12,11824570614,2693345846,0
PAYMENT,1089.31,1854989361,2257718694,0
PAYMENT,5237.7,11720865719,21392886653,0
PAYMENT,3364.48,11369468094,21037942373,0
PAYMENT,1889.41,11235635586,2876962272,0
PAYMENT,2685.44,11725054538,2917277283,0
PAYMENT,1238.08,11302141801,21388849499,0
PAYMENT,17994.24,1622820646,22008159348,0
PAYMENT,6396.49,11389432760,21103132232,0
PAYMENT,2380.21,1535352603,22015261478,0
CASH_OUT,139754.72,1577245010,3932583850,0
PAYMENT,8787.63,11624788833,2968957548,0
DEBIT,2261.24,1843959601,31750905143,0
DEBIT,2807.73,11346197173,31973538135,0
PAYMENT,4247.14,11924966548,21128266449,0
PAYMENT,4504.48,1533173186,2628487793,0
PAYMENT,3051.76,1848958019,2248487859,0
PAYMENT,5675.84,1758465579,2670689666,0
DEBIT,194.4,11167327028,375457651,0
PAYMENT,8176.58,1936628786,2817941759,0
PAYMENT,4074.17,11478334108,236550900,0
PAYMENT,13695.83,1726051009,2492252770,0
PAYMENT,8092.22,1701166114,21187972599,0
CASH_OUT,286803.5,11481751887,3997608398,0
PAYMENT,3620.25,12094115865,249547843,0
CASH_OUT,153952.87,11017792343,31023714065,0
PAYMENT,1335.03,11774468680,2402978317,0
PAYMENT,96.32,1981487964,21417554340,0
TRANSFER,412906.88,1478182173,31068824137,0
TRANSFER,288638.46,1596333086,3747464370,0
PAYMENT,2918.83,1456785282,21043317832,0
PAYMENT,4852.65,1560465923,21485485458,0
PAYMENT,13343.47,1210474732,21288052401,0
DEBIT,1672.55,1764358458,3885951223,0
PAYMENT,1020.89,1539240764,21883830050,0
PAYMENT,4440.79,1201804812,21487230025,0
PAYMENT,12271.39,11498016680,21846539844,0
TRANSFER,379953.15,11490985125,3459857341,0
PAYMENT,9198.49,1707506411,21009326765,0
PAYMENT,660.52,1755328698,27548983,0
PAYMENT,3485.64,11999135802,252487168,0
PAYMENT,413.84,185357160,2486348917,0
PAYMENT,3865.44,1683718244,2742672280,0
CASH_OUT,124832.65,1452457802,3812586739,0
TRANSFER,302151.25,11857910993,31234250905,0
PAYMENT,1854.51,11130598644,21293252487,0
PAYMENT,2850.6,11760401098,21829966070,0
CASH_OUT,130905.88,1841537936,31068824137,0
PAYMENT,8782.48,11424439581,21354280589,0
CASH_IN,254286.27,1626626764,31832532108,0
PAYMENT,10239.16,11372137902,21015799131,0
TRANSFER,7276.69,1701681793,3154319946,0
DEBIT,4993.81,11088744071,3488044861,0
DEBIT,8531.44,11484275564,3195600860,0
PAYMENT,4297.27,1981159997,285121323,0
PAYMENT,7287.73,11657125852,22078239671,0
PAYMENT,5375.2,1465909321,2143486875,0
PAYMENT,3830.45,11205419533,21197176722,0
TRANSFER,70543.76,11964926542,3997608398,0
PAYMENT,3558.79,1369901249,2405488475,0
PAYMENT,6891.56,180756779,249969897,0
PAYMENT,2875.66,11970779713,2923013679,0
PAYMENT,4632.68,1827579900,21622135821,0
PAYMENT,13693.11,1681747431,21059080630,0
TRANSFER,81222.77,1280223635,3453211571,0
DEBIT,2801.1,1245530164,363387985,0
TRANSFER,273951.34,1866273692,31262822392,0
TRANSFER,490341.11,1242408359,31504109395,0
PAYMENT,226.29,13392189,2503144273,0
CASH_OUT,204691.97,11009916891,31068824137,0
PAYMENT,3399.54,1612716569,2985487390,0
PAYMENT,261.95,11296928719,21628289406,0
PAYMENT,1815.83,11862674654,21068232840,0
PAYMENT,10287.6,1507061061,2317960117,0
DEBIT,2633.08,11290614253,31992550266,0
PAYMENT,8818.07,1740467528,22077662850,0
PAYMENT,271.77,11960253514,21370495328,0
PAYMENT,7017.21,11748097277,2668760567,0
PAYMENT,16709.74,11803890702,2984567559,0
PAYMENT,2020.04,11556061855,2417875774,0
PAYMENT,3601.28,11513029997,2439925336,0
DEBIT,6027.22,1986944742,31286084959,0
PAYMENT,7886.77,11616438581,21121891386,0
TRANSFER,421520.68,1501951555,32083117811,0
PAYMENT,2444.49,11002041276,2485475507,0
PAYMENT,2786.6,1724028528,21869247587,0
PAYMENT,2186.58,1467313213,22045913001,0
CASH_OUT,265803.38,11822630059,31839337592,0
PAYMENT,12363.37,11356236848,2508760925,0
DEBIT,3014.72,11987354705,340075281,0
TRANSFER,9533.48,161304908,3800281454,0
TRANSFER,139555.44,11733619456,3317071334,0
PAYMENT,13525.15,11637601612,2842957574,0
PAYMENT,5134.7,1170106909,21255109302,0
PAYMENT,4881.15,11969347346,2855724043,0
CASH_OUT,130470.14,1615853374,3564160838,0
TRANSFER,722161.86,1366916060,3836514715,0
PAYMENT,5085.47,11855734078,21470420462,0
PAYMENT,4617.63,11526062841,2977650730,0
PAYMENT,3941.6,1920446957,21202081661,0
PAYMENT,1471.39,1869290854,2664839586,0
PAYMENT,5480.96,11989332276,254176060,0
PAYMENT,1834.74,1851480926,2275754769,0
CASH_IN,365914.64,11895054149,3614685048,0
PAYMENT,16472.92,1651235118,2279781579,0
PAYMENT,31922.09,12111247080,2740827140,0
PAYMENT,6450.56,136627152,22080125222,0
CASH_OUT,315325.25,11048128739,3665576141,0
PAYMENT,2869.11,11404834600,2653345773,0
PAYMENT,2738.86,11008612116,21266093632,0
CASH_IN,60503.37,12028036437,31860513229,0
PAYMENT,450.55,11420012431,2426288284,0
DEBIT,8161.64,11780399359,31504109395,0
TRANSFER,40149.38,1428245792,31291286504,0
PAYMENT,5829.39,11353759820,2203472514,0
PAYMENT,9119.89,1331748029,21056185446,0
PAYMENT,3854.39,11802736936,21647243882,0
PAYMENT,1053.13,11105090408,21599566873,0
PAYMENT,7296.95,1687501326,21028811481,0
PAYMENT,9114.34,1235151116,21779914089,0
PAYMENT,18625.28,1295055909,21060935276,0
PAYMENT,2134.11,1300811000,21090695601,0
PAYMENT,3743.03,11638249646,2980533504,0
PAYMENT,17457.7,11533672820,2254955665,0
PAYMENT,1098.78,11132369181,22008229299,0
PAYMENT,1393.49,11671816300,22123269713,0
PAYMENT,3466.83,11240412896,2656349395,0
PAYMENT,12960.72,11809129176,21642308093,0
PAYMENT,3383.61,11370224403,2246264949,0
PAYMENT,3285.68,11296910502,2828241083,0
PAYMENT,4898.07,11069584108,21554877309,0
PAYMENT,9642.19,12063786038,2623131585,0
PAYMENT,1919.77,1505968231,2779018428,0
PAYMENT,21820.68,11107404311,21182758821,0
PAYMENT,18187.81,1465152579,21108066952,0
PAYMENT,23069.76,1234223040,2814377348,0
PAYMENT,6820.53,11723278948,22050275256,0
PAYMENT,2635.06,11489831627,21005093407,0
PAYMENT,5371.1,11689458432,2996533593,0
CASH_OUT,358124.44,1195970976,31789550256,0
PAYMENT,2645.88,11957282992,2140428850,0
DEBIT,5454.05,1470132045,31330106945,0
PAYMENT,2691.57,11710191146,21608103523,0
DEBIT,3269.57,1558404860,3767904468,0
PAYMENT,3623.4,1274100821,2238431319,0
PAYMENT,102.37,1474933596,22042917213,0
PAYMENT,5601.3,11520656618,21699265405,0
CASH_OUT,151768.14,1237484673,3357863579,0
PAYMENT,2725.19,11412656257,2358019805,0
PAYMENT,1534.54,1904208473,2103118806,0
PAYMENT,402.54,11237144823,21801422599,0
DEBIT,12617.81,11998882269,31424082571,0
PAYMENT,3631.87,11511180072,22041264753,0
CASH_OUT,333946.96,11851522556,31170794006,0
PAYMENT,7648.78,11031968647,21902455960,0
PAYMENT,11679.19,11371400311,21622694817,0
PAYMENT,272.8,11227867806,2292958927,0
PAYMENT,1380.95,1800493254,2225553858,0
CASH_OUT,29587.32,1987595204,3998351292,0
PAYMENT,1056.64,1438123546,229774113,0
PAYMENT,2515.46,122668134,21474072872,0
DEBIT,6077.94,1609389093,3775514090,0
DEBIT,8648.45,1397318359,3171493374,0
DEBIT,5264.43,11495407511,3778731861,0
PAYMENT,3821.75,11791267914,21517758613,0
PAYMENT,4920.42,1972843820,21883971879,0
PAYMENT,5635.6,11055104416,21563634025,0
PAYMENT,11508.76,1130850024,2774362927,0
PAYMENT,2147.21,1202064342,21211586911,0
PAYMENT,8380.77,1738174829,2997294994,0
PAYMENT,3850.6,11830969563,2523051393,0
PAYMENT,5238.73,11237264838,22128961136,0
PAYMENT,6173.13,14181455,21986581856,0
PAYMENT,1196.9,11177101170,2309060377,0
PAYMENT,150.07,11816397102,21547116051,0
PAYMENT,624.1,11393198164,2506775047,0
PAYMENT,1012.86,11377160602,2917935693,0
PAYMENT,3688.28,1823758059,2153448497,0
TRANSFER,26112.94,11965036946,3611572016,0
CASH_OUT,286590.92,11999036805,3306206744,0
PAYMENT,5430.53,1178603358,2673384643,0
PAYMENT,13840.98,11574573264,2498134055,0
PAYMENT,11479.22,11033880954,2223000346,0
CASH_OUT,119570.96,13886839,31170794006,0
DEBIT,818.99,1451959555,31321640594,0
PAYMENT,2736.66,11502079282,228145535,0
PAYMENT,6166.35,11539038539,21133227388,0
PAYMENT,4052.14,1623051334,21340051218,0
PAYMENT,6730.59,11250644519,21425405511,0
TRANSFER,259096.62,11769598893,31335050193,0
TRANSFER,21502.38,11517116047,31023714065,0
PAYMENT,1810.88,11248276879,2828088650,0
PAYMENT,700.86,1402207819,2670084377,0
DEBIT,7273.9,11424497441,3832279283,0
PAYMENT,4845.31,1953528583,21716551994,0
PAYMENT,1153.98,11156210828,21355766307,0
PAYMENT,1624.03,11158124724,2658281599,0
PAYMENT,8076.53,1809860628,2452015229,0
PAYMENT,1313.6,11663738275,2544628437,0
PAYMENT,6128.41,1995631377,2681158875,0
PAYMENT,11301.82,1512238546,2203048480,0
PAYMENT,4508.96,11991290395,2319426406,0
PAYMENT,2588.24,11279469670,2305552520,0
PAYMENT,909.33,11627781283,2574077658,0
PAYMENT,7123.18,12011342562,21460696714,0
PAYMENT,4449.8,1429804587,2115397800,0
PAYMENT,663.34,11691858720,2807872790,0
PAYMENT,4043.76,11538511917,21542856295,0
PAYMENT,15350.84,146259342,2187120217,0
PAYMENT,11917.23,11316001196,2622772003,0
PAYMENT,14145.51,1699871906,2460333119,0
PAYMENT,28301.88,11365711624,222040992,0
PAYMENT,6976.97,1291651850,2185203393,0
PAYMENT,19572.25,11658785779,21627496281,0
PAYMENT,17389.94,11659435106,2653515020,0
PAYMENT,12123.91,11011481270,21365197105,0
PAYMENT,20007.91,11951500432,21280443567,0
PAYMENT,18389.77,11061018585,2348148678,0
PAYMENT,5947.8,11814908102,2814111376,0
PAYMENT,804.16,11630841930,22004655561,0
PAYMENT,14711.9,11907467420,21944138464,0
PAYMENT,2407.47,1930317866,2611502040,0
PAYMENT,2074.51,11486553742,2571956559,0
PAYMENT,5711.01,1167693809,2998283025,0
PAYMENT,21897.3,1990870941,2594195094,0
PAYMENT,5462.01,11552179791,21661161169,0
PAYMENT,2185.54,1589309113,21437129801,0
DEBIT,5655.43,1708926121,31096283470,0
PAYMENT,727.94,11406004470,21911168986,0
PAYMENT,7868.9,11655955258,21107772887,0
PAYMENT,4029.56,12115087165,21604616170,0
DEBIT,2637.07,1596779307,31740000325,0
PAYMENT,3129.06,11531175283,2687399269,0
PAYMENT,6899.83,11415545023,21727424614,0
CASH_IN,38366.56,1586831282,3214187874,0
PAYMENT,6778.32,11298557761,21704214570,0
CASH_IN,96015.94,1821342630,3657736958,0
PAYMENT,2304.2,11079190991,21041326823,0
PAYMENT,5575.09,12042884127,21815025408,0
PAYMENT,1667.88,1889928215,23694603,0
PAYMENT,24659.46,11721576219,21914615775,0
CASH_IN,221557.88,1514453513,3998351292,0
PAYMENT,1117.17,11565713391,21385750189,0
PAYMENT,7731.23,11430207342,280191608,0
CASH_OUT,69490.69,11312843412,31529115495,0
PAYMENT,5437.85,11522119751,21995505717,0
PAYMENT,3984.3,11334618867,245416784,0
PAYMENT,5630.13,1364480205,21807207655,0
PAYMENT,3399.78,11103505488,21800605369,0
PAYMENT,7883.75,1847606512,21736458419,0
PAYMENT,635.55,1401891515,21688310330,0
PAYMENT,2248.26,12099932844,2415906914,0
PAYMENT,9261.94,1739210872,21154941313,0
PAYMENT,9614.73,11789282489,2600199331,0
CASH_OUT,30308.45,11949126165,31568059495,0
PAYMENT,1012.84,1143295000,21353838640,0
PAYMENT,6534.05,11097069005,21604342290,0
PAYMENT,9460.66,165438140,21544147328,0
PAYMENT,2552.79,137400149,21599556802,0
PAYMENT,5912.4,11745608181,22057077925,0
PAYMENT,8009.83,1763610533,21222094219,0
PAYMENT,8625.97,12114270481,21612853208,0
TRANSFER,244964.08,11405055124,3811597470,0
PAYMENT,5663.87,1653337757,21896558831,0
PAYMENT,1892.34,110915321,2682981033,0
PAYMENT,561.01,1131037934,2795590320,0
PAYMENT,3218.06,1454440929,2404036116,0
PAYMENT,9731.47,11685134322,2379430898,0
PAYMENT,4018.12,11008608255,2216746962,0
PAYMENT,6376.99,11613332278,2468776694,0
PAYMENT,5983.88,11455177644,214633842,0
PAYMENT,280.59,1732189840,2939475028,0
PAYMENT,5263.67,18996952,22063009760,0
CASH_IN,176370.68,11937693946,31531333864,0
CASH_IN,62783.13,11053744929,3811597470,0
CASH_IN,90956.1,11959758632,3288665596,0
CASH_IN,120556.62,1918899286,3488044861,0
CASH_IN,475857.13,1861522296,31789550256,0
CASH_IN,239510.08,12074492901,3985934102,0
CASH_IN,50938.65,11933077874,31262822392,0
CASH_IN,288438,11865617081,333524623,0
PAYMENT,10349.31,1308021294,21481594007,0
PAYMENT,7672.12,11756160273,2530410619,0
PAYMENT,1203.13,11844579038,21337655323,0
PAYMENT,1635.86,11074844820,2874153561,0
PAYMENT,5072.52,11229184766,21592763413,0
PAYMENT,3176.52,1404586280,22027227708,0
PAYMENT,2891.7,1800497654,2215632153,0
PAYMENT,1557.98,12135790485,2790229674,0
PAYMENT,19316.5,1877363600,21778877569,0
PAYMENT,8212.99,12042979183,2422134367,0
PAYMENT,5284.56,11904609259,2670283478,0
PAYMENT,16265.77,11971283804,2639105046,0
PAYMENT,14054.64,11735330400,21561347421,0
PAYMENT,11334.96,11398508580,21251285265,0
PAYMENT,12445.65,11438000681,2173259631,0
PAYMENT,42,198974893,21733947537,0
PAYMENT,10685.2,154134077,2346377974,0
PAYMENT,5778.99,1546446235,2141015648,0
PAYMENT,7366.3,11537689020,21699443392,0
PAYMENT,10810.73,11437983537,21614079837,0
PAYMENT,5935.34,123053378,21060928475,0
PAYMENT,8539.76,11164622694,244278425,0
DEBIT,1703.38,12107706203,31504109395,0
PAYMENT,7566.04,1564086167,2834562889,0
PAYMENT,186.33,1773238925,21536728519,0
PAYMENT,10425.95,17395550,21112940474,0
PAYMENT,4764.33,11499418021,21186371052,0
PAYMENT,9632.45,11082528716,2845119401,0
PAYMENT,1573.42,1298724898,21671811074,0
PAYMENT,9125.93,1332244937,21520836654,0
TRANSFER,119352.09,1989440614,31749186397,0
TRANSFER,221452.04,11997625595,322805895,0
TRANSFER,354832.51,1152848959,31100767002,0
PAYMENT,3677.29,11657842786,2353206468,0
PAYMENT,16749.98,11747371038,250345623,0
PAYMENT,10142.56,11691629865,2489070295,0
TRANSFER,182385.22,11132379993,31498438472,0
PAYMENT,4448.53,11103666479,268217166,0
CASH_IN,58408.09,1761863997,31961176822,0
PAYMENT,141.87,1467401150,2511651343,0
PAYMENT,793.64,1497479191,22027133545,0
CASH_OUT,98247.27,11015122628,3601893033,0
PAYMENT,7315.54,11533662221,21897221921,0
PAYMENT,3599.77,1368153528,2622263400,0
PAYMENT,6831.38,1810196347,21811787796,0
PAYMENT,2419.45,11921553024,21617937669,0
CASH_OUT,94740.26,178265654,31671179293,0
PAYMENT,6577.3,147268007,2880533231,0
PAYMENT,12429.59,1715289224,22134157671,0
DEBIT,6522.37,12011695710,3736709391,0
PAYMENT,12762.36,1495857386,2604060129,0
PAYMENT,11287.39,12124731287,21227459815,0
PAYMENT,10884.19,1624693846,2148891937,0
PAYMENT,1592.5,11346354118,21442077586,0
PAYMENT,15751.26,1278879704,21744713739,0
PAYMENT,351.26,11244815033,21038988454,0
PAYMENT,3734.21,11475759966,21096682443,0
PAYMENT,8403.66,1423711439,21238994373,0
PAYMENT,9945.01,1741390111,2495051009,0
PAYMENT,12491.01,1247795540,2200744172,0
PAYMENT,7889.84,1584501954,2818785904,0
PAYMENT,5169.09,1374646930,2628610760,0
PAYMENT,13496.51,1828610686,21811942924,0
DEBIT,3548.72,11596144422,3564742142,0
PAYMENT,9273.52,11157199772,21769252629,0
PAYMENT,4522.66,199132505,21137989065,0
PAYMENT,997.34,11285463992,210405169,0
PAYMENT,3041.43,11075082007,2554634433,0
PAYMENT,698.41,1424944647,21872088401,0
PAYMENT,7269.74,1209360767,21439361845,0
PAYMENT,8329.3,11837533591,2741883443,0
PAYMENT,2312.71,11956746660,21982876486,0
PAYMENT,7550.29,1799260198,21116197959,0
PAYMENT,17396.31,1989033734,21315795813,0
PAYMENT,3876.42,12081269248,213918250,0
PAYMENT,3835.42,1565079667,275356024,0
PAYMENT,18792.11,1357653585,2916958177,0
PAYMENT,27.55,11688770224,2235162442,0
CASH_IN,218753.79,1296234255,322805895,0
CASH_IN,42963.87,1450589816,333524623,0
PAYMENT,2399.25,12113992943,2247173343,0
